Model,MAE,RMSE,MAPE
"ARIMA(5,1,0)",54.048571640919285,69.81401539932362,17.07031279042996
