Asset,Weight
TSLA,0.0006990998915257341
BND,0.12116218586529506
SPY,0.8781387142431792
