Metric,Value
Expected Annual Return,0.12969421585358196
Annual Volatility,0.15608892242780353
Sharpe Ratio,0.702767461953101
