Metric,Value
Last Actual TSLA Price,420.6000061035156
Final Forecasted Price,419.756911729403
Forecasted 12-Month Return,-0.002004503951208077
Average CI Width First 30 Days,103.660325865232
Average CI Width Last 30 Days,425.3200670934289
